,City,Cloudiness,Country,Date,Humidity,Lat,Longitude,Max Temp,Wind Speed (mph)
0,butaritari,100,KI,1572662822,77,3.07,172.79,83.5,19.48
1,ushuaia,40,AR,1572662952,84,-54.81,-68.31,37.4,5.82
2,nikolskoye,90,RU,1572662904,86,59.7,30.79,30.99,4.47
3,barrow,100,AR,1572662952,96,-38.31,-60.23,62.13,10.18
4,kidal,12,ML,1572662953,26,18.44,1.41,77.31,4.83
5,fereydun kenar,75,IR,1572662953,93,36.69,52.52,57.2,1.66
6,chokurdakh,100,RU,1572662953,95,70.62,147.9,0.16,2.19
7,vila velha,40,BR,1572662953,74,-3.71,-38.6,80.6,14.99
8,vila,90,IT,1572662954,93,45.18,8.4,52.0,1.12
9,tibati,100,CM,1572662954,92,6.47,12.63,66.51,1.83
10,albany,90,US,1572662831,56,42.65,-73.75,43.0,9.17
11,pisco,84,PE,1572662713,77,-13.71,-76.2,66.0,16.11
12,flin flon,81,CA,1572662954,93,54.77,-101.88,29.16,6.06
13,rikitea,100,PF,1572662663,66,-23.12,-134.97,72.18,8.61
14,vaini,20,IN,1572662955,93,15.34,74.49,66.2,3.96
15,kaitangata,38,NZ,1572662683,12,-46.28,169.85,82.99,18.01
16,san miguel,100,AR,1572662955,83,-34.54,-58.72,71.6,3.36
17,cabo san lucas,5,MX,1572662666,73,22.89,-109.91,80.01,9.17
18,punta arenas,75,CL,1572662797,75,-53.16,-70.91,44.6,10.29
19,goundam,76,ML,1572662956,17,16.42,-3.66,82.17,12.82
20,faanui,77,PF,1572662956,79,-16.48,-151.75,81.32,10.45
21,lebu,75,ET,1572662956,58,8.96,38.73,55.4,2.24
22,mataura,0,NZ,1572662664,50,-46.19,168.86,76.03,11.99
23,goya,0,AR,1572662829,71,-29.14,-59.27,75.85,5.68
24,kamaishi,40,JP,1572662957,48,39.28,141.86,60.8,12.75
25,provideniya,0,RU,1572662957,90,64.42,-173.23,16.32,2.1
26,rio gallegos,75,AR,1572662958,57,-51.62,-69.22,48.2,5.82
27,laguna,90,BZ,1572662958,94,16.17,-88.94,77.0,4.7
28,luanshya,55,ZM,1572662959,66,-13.14,28.42,67.69,8.63
29,saldanha,95,PT,1572662863,87,41.42,-6.55,56.95,13.02
30,matay,0,EG,1572662959,50,28.42,30.79,62.1,5.86
31,dunedin,0,NZ,1572662959,73,-45.87,170.5,62.01,11.01
32,north bend,1,US,1572662960,71,43.41,-124.22,53.01,4.7
33,eureka,1,US,1572662960,81,40.8,-124.16,50.0,2.93
34,bandarbeyla,81,SO,1572662714,77,9.49,50.81,81.88,10.16
35,kirakira,65,SB,1572662960,72,-10.46,161.92,82.22,14.07
36,kaeo,0,NZ,1572662960,62,-35.1,173.78,73.99,8.16
37,la ronge,90,CA,1572662918,96,55.1,-105.3,32.0,4.7
38,cape town,75,ZA,1572662944,87,-33.93,18.42,60.01,11.41
39,jamestown,91,AU,1572662961,42,-33.21,138.6,71.62,8.34
40,coihaique,1,CL,1572662961,42,-45.58,-72.07,48.2,10.29
41,ribeira grande,88,PT,1572662961,86,38.52,-28.7,61.14,9.28
42,kroya,78,ID,1572662962,47,-6.5,108.06,91.2,3.02
43,saint-philippe,1,CA,1572662914,64,45.36,-73.48,37.4,3.36
44,puerto ayora,60,EC,1572662962,93,-0.74,-90.35,68.0,5.01
45,avarua,100,CK,1572662962,78,-21.21,-159.78,75.2,3.36
46,tigil,100,RU,1572662963,82,57.8,158.67,37.36,14.41
47,salalah,100,OM,1572662963,58,17.01,54.1,82.4,12.75
48,nouadhibou,0,MR,1572662963,57,20.93,-17.03,75.2,14.99
49,wakkanai,20,JP,1572662963,39,45.41,141.67,50.0,29.97
50,port lincoln,0,AU,1572662847,36,-34.72,135.86,71.47,13.15
51,san cristobal,100,HN,1572662964,96,14.68,-86.92,65.62,2.98
52,arraial do cabo,75,BR,1572662835,88,-22.97,-42.02,75.2,4.7
53,losheim,90,DE,1572662964,100,50.36,6.37,57.99,12.75
54,hobart,75,AU,1572662965,88,-42.88,147.33,66.99,5.82
55,narsaq,20,GL,1572662965,68,60.91,-46.05,30.2,1.12
56,norman wells,75,CA,1572662965,92,65.28,-126.83,19.4,2.24
57,iqaluit,75,CA,1572662965,85,63.75,-68.52,24.8,3.85
58,ust-kuyga,97,RU,1572662966,95,70.0,135.55,6.26,2.01
59,fortuna,1,US,1572662686,81,40.6,-124.16,50.0,1.88
60,chuy,83,UY,1572662966,93,-33.69,-53.46,62.89,11.5
61,tasiilaq,100,GL,1572662966,68,65.61,-37.64,28.4,16.11
62,champerico,75,MX,1572662966,73,16.38,-93.6,69.8,16.11
63,tura,100,RU,1572662967,93,64.27,100.22,10.72,3.49
64,mount gambier,40,AU,1572662927,72,-37.83,140.78,62.6,16.11
65,comodoro rivadavia,0,AR,1572662967,33,-45.87,-67.48,59.0,10.29
66,pevek,0,RU,1572662967,89,69.7,170.27,7.66,4.25
67,kanchanaburi,95,TH,1572662968,90,14.03,99.53,74.08,9.19
68,faya,58,SA,1572662968,87,18.39,42.45,60.8,3.36
69,pankrushikha,27,RU,1572662968,53,53.83,80.35,27.54,15.77
70,westport,1,US,1572662968,48,41.14,-73.36,48.0,11.41
71,kodiak,1,US,1572662877,86,39.95,-94.76,39.2,8.05
72,bilma,54,NE,1572662969,15,18.69,12.92,76.06,7.25
73,boyolangu,98,ID,1572662969,64,-8.09,111.9,84.16,12.8
74,new norfolk,75,AU,1572662969,88,-42.78,147.06,66.99,5.82
75,carnarvon,0,ZA,1572662679,30,-30.97,22.13,59.23,8.5
76,port hardy,40,CA,1572662970,100,50.7,-127.42,41.0,3.36
77,ayna,100,ES,1572662970,77,38.55,-2.07,60.8,17.22
78,belaya gora,100,RU,1572662870,92,68.54,146.19,1.94,2.82
79,emerald,90,AU,1572662970,39,-23.53,148.16,84.99,11.41
80,canon city,1,US,1572662971,14,39.46,-117.13,42.8,10.29
81,east london,68,ZA,1572662971,83,-33.02,27.91,65.8,9.26
82,lensk,100,RU,1572662971,68,60.71,114.91,15.78,4.74
83,hualmay,96,PE,1572662860,85,-11.1,-77.61,61.66,3.29
84,longyearbyen,75,NO,1572662814,68,78.22,15.63,26.6,19.46
85,beloha,0,MG,1572662972,77,-25.17,45.06,63.3,12.01
86,ulladulla,100,AU,1572662972,42,-35.36,150.48,87.01,10.29
87,lata,100,IN,1572662972,38,30.78,78.62,36.09,3.09
88,busselton,20,AU,1572662972,41,-33.64,115.35,69.01,13.65
89,sitka,0,US,1572662965,65,37.17,-99.65,36.0,8.99
90,hilo,75,US,1572662824,66,19.71,-155.08,84.2,12.75
91,okhotsk,100,RU,1572662973,88,59.36,143.24,33.46,17.38
92,mar del plata,13,AR,1572662973,29,-46.43,-67.52,57.79,11.23
93,misratah,81,LY,1572662974,57,32.38,15.09,72.55,10.87
94,airai,15,TL,1572662974,41,-8.93,125.41,84.69,7.87
95,thompson,90,CA,1572662827,92,55.74,-97.86,23.0,3.36
96,senigallia,100,IT,1572662974,93,43.71,13.22,55.4,2.24
97,natal,20,BR,1572662762,78,-5.81,-35.21,77.0,12.75
98,sechura,71,PE,1572662940,90,-5.56,-80.82,63.59,8.43
99,sangar,96,RU,1572662975,93,63.92,127.47,-0.17,2.64
100,dingle,100,PH,1572662975,72,11.0,122.67,85.01,3.0
101,kholm,75,AF,1572662976,100,36.69,67.7,55.4,1.12
102,ust-ishim,100,RU,1572662976,88,57.69,71.17,18.36,10.18
103,katsuura,20,JP,1572662976,48,33.93,134.5,64.4,12.75
104,bluff,19,AU,1572662976,32,-23.58,149.07,87.91,14.05
105,tautira,75,PF,1572662977,74,-17.73,-149.15,82.4,12.75
106,tuktoyaktuk,90,CA,1572662743,85,69.44,-133.03,17.6,6.93
107,castro,20,CL,1572662977,93,-42.48,-73.76,39.2,4.7
108,grindavik,100,IS,1572662977,66,63.84,-22.43,39.2,6.93
109,ponta do sol,99,BR,1572662688,90,-20.63,-46.0,67.12,2.84
110,khatanga,0,RU,1572662978,92,71.98,102.47,-9.33,7.16
111,diedorf,100,DE,1572662978,93,48.35,10.78,52.0,8.05
112,hambantota,75,LK,1572662941,100,6.12,81.12,75.2,3.36
113,baherden,35,TM,1572662979,74,38.44,57.43,54.19,11.1
114,nome,1,US,1572662846,81,30.04,-94.42,53.01,2.1
115,leua,94,AO,1572662979,66,-11.65,20.45,66.7,4.27
116,keelung,75,TW,1572662791,69,25.13,121.74,78.8,16.11
117,atambua,21,ID,1572662946,59,-9.11,124.89,83.97,7.74
118,zhigansk,100,RU,1572662980,93,66.77,123.37,5.07,15.73
119,yanam,47,IN,1572662980,83,16.73,82.22,82.4,6.93
120,alofi,80,NU,1572662980,65,-19.06,-169.92,77.0,10.29
121,tahoua,31,NE,1572662980,13,14.89,5.26,79.45,7.56
122,bredasdorp,1,ZA,1572662860,66,-34.53,20.04,50.0,8.05
123,cayenne,0,GF,1572662981,94,4.94,-52.33,75.2,4.16
124,hermanus,29,ZA,1572662687,90,-34.42,19.24,53.01,7.0
125,abu samrah,0,SY,1572662872,82,35.3,37.18,61.11,9.8
126,kavieng,98,PG,1572662689,69,-2.57,150.8,85.86,6.93
127,de aar,0,ZA,1572662982,35,-30.65,24.01,56.3,6.91
128,ixtapa,75,MX,1572662982,83,20.71,-105.21,82.99,3.36
129,sistranda,75,NO,1572662983,86,63.73,8.83,42.01,12.75
130,khuzhir,1,RU,1572662983,75,53.19,107.35,39.63,18.37
131,hinwil,90,CH,1572662983,93,47.3,8.84,54.0,2.24
132,nantucket,1,US,1572662983,49,41.28,-70.1,48.2,4.7
133,kerkrade,75,NL,1572662984,93,50.87,6.06,59.0,17.22
134,hasaki,40,JP,1572662984,52,35.73,140.83,68.0,6.93
135,broome,100,GB,1572662888,93,52.47,1.45,57.2,12.75
136,bathsheba,40,BB,1572662984,78,13.22,-59.52,82.4,10.29
137,caluquembe,100,AO,1572662985,76,-13.78,14.68,65.26,2.42
138,port elizabeth,1,US,1572662985,74,39.31,-74.98,46.4,5.5
139,merauke,58,ID,1572662985,46,-8.49,140.4,93.49,5.12
140,araouane,74,ML,1572662985,22,18.9,-3.53,75.7,12.48
141,mahebourg,20,MU,1572662986,88,-20.41,57.7,73.0,5.82
142,kon tum,64,VN,1572662986,64,14.36,108.0,81.57,0.58
143,mosquera,75,CO,1572662986,87,4.71,-74.23,53.6,5.82
144,nishihara,75,JP,1572662987,55,35.74,139.53,70.0,8.05
145,ahipara,0,NZ,1572662987,62,-35.17,173.16,73.99,17.65
146,guipavas,100,FR,1572662987,71,48.43,-4.4,55.4,19.46
147,rawson,100,AR,1572662987,76,-43.3,-65.11,52.92,12.53
148,port augusta,100,AU,1572662988,53,-32.49,137.76,71.6,11.41
149,burgos,90,ES,1572662988,93,42.34,-3.7,55.99,17.22
150,playa del carmen,5,MX,1572662808,83,20.63,-87.08,81.0,8.41
151,atuona,0,PF,1572662897,75,-9.8,-139.03,80.44,15.28
152,isangel,75,VU,1572662989,57,-19.55,169.27,80.6,16.11
153,upernavik,0,GL,1572662989,61,72.79,-56.15,14.07,5.01
154,shirokiy,98,RU,1572662989,74,53.87,39.17,33.01,3.0
155,cidreira,62,BR,1572662855,87,-30.17,-50.22,69.01,34.34
156,wilmington island,20,US,1572662990,54,32.0,-80.97,57.2,10.29
157,dwarka,40,IN,1572662690,77,28.58,77.04,82.0,3.27
158,pont-a-mousson,100,FR,1572662990,93,48.91,6.06,57.99,18.34
159,morro bay,1,US,1572662935,81,35.37,-120.85,62.01,3.83
160,ahuimanu,40,US,1572662991,65,21.44,-157.84,84.2,6.93
161,mabai,100,CN,1572662991,91,23.01,104.4,62.4,1.21
162,impfondo,47,CD,1572662991,95,1.62,18.06,69.85,1.3
163,abbeville,75,FR,1572662991,87,50.11,1.83,59.0,13.87
164,moree,40,AU,1572662964,28,-29.46,149.84,84.2,17.22
165,tecoanapa,40,MX,1572662992,70,16.99,-99.26,84.2,6.93
166,havre-saint-pierre,90,CA,1572662992,75,50.23,-63.6,41.0,40.26
167,bella union,100,CO,1572662992,96,8.5,-73.35,66.96,4.25
168,seoul,40,KR,1572662859,71,37.57,126.98,60.8,2.24
169,castelu,20,RO,1572662993,86,44.26,28.34,52.0,3.36
170,saint-augustin,90,CA,1572662993,64,45.63,-73.98,37.4,9.17
171,sola,0,TZ,1572662993,64,-3.17,33.8,67.1,6.11
172,amuntai,92,ID,1572662896,55,-2.42,115.25,89.6,2.35
173,flinders,100,AU,1572662994,42,-34.58,150.85,91.99,10.29
174,ayagoz,100,KZ,1572662994,84,47.96,80.43,45.3,2.33
175,hervey bay,75,AU,1572662994,57,-25.3,152.85,82.0,16.11
176,santa luzia,20,BR,1572662911,93,-19.77,-43.85,66.2,5.82
177,grand gaube,20,MU,1572662994,88,-20.01,57.66,73.0,5.82
178,adrar,0,DZ,1572662995,42,27.87,-0.29,66.2,9.17
179,namibe,100,AO,1572662738,72,-15.19,12.15,71.29,15.82
180,waterloo,100,SL,1572662995,95,8.34,-13.07,73.8,2.24
181,lavrentiya,0,RU,1572662995,73,65.58,-170.99,24.24,5.86
182,manaure,100,CO,1572662995,82,11.78,-72.45,82.36,20.27
183,tiksi,97,RU,1572662996,87,71.64,128.87,-7.64,6.08
184,villanueva de la serena,64,ES,1572662996,91,38.97,-5.8,63.0,7.0
185,bukachacha,13,RU,1572662996,54,52.99,116.91,22.82,2.59
186,porgera,100,PG,1572662996,97,-5.46,143.15,55.94,1.5
187,souillac,75,FR,1572662997,93,45.6,-0.6,60.8,12.75
188,vardo,1,US,1572662997,59,39.62,-77.74,39.0,5.82
189,osmena,48,PH,1572662997,74,12.17,124.59,82.29,5.97
190,belyy yar,100,RU,1572662997,93,53.6,91.39,41.0,4.47
191,cheremnoye,90,RU,1572662997,68,53.17,83.21,30.2,13.42
192,victoria,75,BN,1572662998,94,5.28,115.24,75.2,2.24
193,yuanping,100,CN,1572662998,71,38.72,112.71,46.85,4.25
194,cumra,75,TR,1572662998,87,37.57,32.77,42.8,6.93
195,khorixas,88,NA,1572662998,40,-20.37,14.96,77.58,6.44
196,livani,100,LV,1572662998,93,56.35,26.18,36.91,6.53
197,dagda,100,LV,1572662999,94,56.09,27.54,35.96,6.69
198,san matias,8,BO,1572662999,51,-16.36,-58.4,82.58,6.73
199,saint pete beach,90,US,1572662999,83,27.73,-82.74,75.99,17.22
200,ukiah,0,US,1572662820,36,39.15,-123.21,59.0,2.37
201,karratha,2,AU,1572663000,39,-20.74,116.85,77.45,8.7
202,gat,0,SN,1572663000,53,14.69,-16.54,77.0,10.29
203,necochea,100,AR,1572662876,97,-38.55,-58.74,60.01,5.01
204,doka,0,SD,1572663001,53,13.52,35.76,74.46,3.04
205,khasan,0,RU,1572663001,27,42.43,130.64,55.51,3.6
206,boda,44,CF,1572663001,89,4.32,17.47,68.47,1.88
207,vuktyl,92,RU,1572663002,96,63.86,57.31,16.38,2.8
208,kapaa,40,US,1572662843,69,22.08,-159.32,82.4,5.82
209,aklavik,75,CA,1572663002,84,68.22,-135.01,5.0,5.12
210,usinsk,94,RU,1572663002,95,66.0,57.56,12.06,7.85
211,razdolinsk,100,RU,1572663002,75,58.42,94.62,35.35,14.63
212,lorengau,98,PG,1572663003,74,-2.02,147.27,83.98,15.79
213,walvis bay,58,NA,1572663003,63,-22.95,14.51,62.6,4.7
214,roma,75,IT,1572662950,93,41.89,12.48,62.6,1.12
215,quatre cocos,20,MU,1572663003,88,-20.21,57.76,73.0,5.82
216,uyutne,0,UA,1572663004,60,45.2,33.3,39.45,10.54
217,bethel,90,US,1572662723,79,60.79,-161.76,30.2,11.41
218,dikson,100,RU,1572663004,92,73.51,80.55,3.22,0.87
219,saint-pierre,90,FR,1572662706,100,48.95,4.24,59.0,19.46
220,dawson creek,40,CA,1572663004,74,55.76,-120.23,37.4,5.82
221,chapais,90,CA,1572662887,85,49.78,-74.86,24.8,6.93
222,te anau,0,NZ,1572663005,67,-45.41,167.72,61.66,7.92
223,nichinan,20,JP,1572663005,56,31.65,131.31,71.6,3.36
224,nova olimpia,49,BR,1572663005,54,-14.8,-57.29,80.98,1.74
225,moerai,100,PF,1572663006,91,-22.43,-151.33,72.7,18.95
226,otane,100,NZ,1572663006,51,-39.89,176.62,71.01,5.01
227,bolobo,100,CD,1572663006,94,-2.17,16.23,71.8,1.74
228,phangnga,75,TH,1572663006,78,8.45,98.53,82.4,4.7
229,auki,21,NG,1572663006,25,12.18,6.51,73.31,6.53
230,ilulissat,100,GL,1572662850,68,69.22,-51.1,26.6,2.24
231,seohara,89,IN,1572663007,56,29.21,78.58,72.97,1.39
232,torbay,90,CA,1572662845,93,47.66,-52.73,61.0,36.91
233,lundazi,51,ZM,1572663007,80,-12.29,33.17,66.15,9.51
234,san quintin,5,PH,1572663007,59,17.54,120.52,89.96,8.93
235,yellowknife,75,CA,1572663008,92,62.45,-114.38,23.0,4.7
236,sisimiut,7,GL,1572663008,61,66.94,-53.67,21.13,4.65
237,naifaru,0,MV,1572663008,67,5.44,73.37,82.29,1.14
238,aksum,100,ET,1572663008,57,14.12,38.72,65.3,1.83
239,dunavecse,90,HU,1572663008,93,46.92,18.97,42.01,13.87
240,kruisfontein,31,ZA,1572662909,33,-34.0,24.73,66.15,8.75
241,ossora,100,RU,1572662868,89,59.24,163.07,39.49,17.98
242,leningradskiy,0,RU,1572662720,77,69.38,178.42,13.35,3.02
243,omsukchan,64,RU,1572663009,94,62.53,155.8,16.54,3.58
244,padang,76,ID,1572663010,68,-0.92,100.36,77.43,3.94
245,yichang,100,CN,1572663010,40,30.77,111.32,68.59,2.82
246,kuznechnoye,70,RU,1572663010,92,61.12,29.87,30.0,4.74
247,najran,0,SA,1572663010,38,17.54,44.22,62.6,0.74
248,luderitz,95,NA,1572663011,63,-26.65,15.16,62.6,3.36
249,sigli,52,ID,1572663011,68,5.38,95.96,81.41,2.57
250,bin qirdan,0,TN,1572663011,67,33.14,11.22,65.35,5.26
251,zhangye,0,CN,1572663012,15,38.94,100.46,55.27,7.31
252,kerema,100,PG,1572663012,64,-7.96,145.78,85.39,7.05
253,sept-iles,40,CA,1572662982,93,50.2,-66.38,39.0,11.41
254,tondano,20,ID,1572663012,55,1.3,124.91,91.4,8.05
255,half moon bay,1,US,1572663012,70,37.46,-122.43,64.4,5.73
256,cap malheureux,20,MU,1572663013,88,-19.98,57.61,73.0,5.82
257,sur,0,OM,1572663013,66,22.57,59.53,78.8,3.42
258,egvekinot,0,RU,1572663013,64,66.32,-179.17,8.53,1.19
259,inirida,94,CO,1572663014,97,3.87,-67.92,72.93,2.35
260,hithadhoo,0,MV,1572662877,72,-0.6,73.08,81.66,7.43
261,porto velho,90,BR,1572662765,94,-8.75,-63.87,73.4,1.12
262,lagoa,75,PT,1572663014,93,37.14,-8.45,66.99,11.41
263,catacocha,75,EC,1572663014,94,-4.05,-79.65,61.97,1.39
264,marakkanam,74,IN,1572663015,82,12.2,79.95,80.13,9.84
265,qaanaaq,100,GL,1572663015,66,77.48,-69.36,16.36,10.94
266,abu dhabi,0,AE,1572662740,65,24.47,54.37,82.4,6.93
267,trairi,100,BR,1572663015,87,-3.28,-39.27,74.57,7.11
268,camacha,75,PT,1572663016,94,33.08,-16.33,69.8,1.12
269,banda aceh,37,ID,1572663016,64,5.56,95.32,84.61,2.01
270,jining,86,CN,1572663016,23,35.41,116.58,75.0,7.83
271,sampit,100,ID,1572663016,50,-2.54,112.95,93.6,0.49
272,zhuhai,20,CN,1572663016,81,40.71,112.04,44.6,6.71
273,ewa beach,20,US,1572663017,58,21.32,-158.01,84.2,10.29
274,hashimoto,20,JP,1572663017,52,34.32,135.62,66.2,6.93
275,mitu,22,IR,1572663017,87,36.2,46.09,39.34,5.59
276,kalabo,87,ZM,1572663017,31,-15.0,22.67,72.88,6.53
277,basco,90,US,1572663018,86,40.33,-91.2,42.01,8.05
278,iralaya,100,HN,1572663018,75,15.0,-83.23,82.6,7.36
279,pangnirtung,4,CA,1572662875,81,66.15,-65.72,18.48,1.66
280,hirapur,58,IN,1572663018,55,24.37,79.21,76.39,4.83
281,berlevag,100,NO,1572663018,74,70.86,29.09,32.0,23.89
282,georgetown,40,GY,1572663019,100,6.8,-58.16,77.0,4.7
283,qingdao,94,CN,1572663019,56,36.09,120.35,75.0,4.47
284,tuatapere,0,NZ,1572662823,26,-46.13,167.69,79.12,6.64
285,port alfred,100,ZA,1572662814,90,-33.59,26.89,63.0,3.65
286,juneau,90,US,1572662815,93,58.3,-134.42,45.0,10.29
287,piranhas,100,BR,1572663020,87,-16.43,-51.82,70.59,0.36
288,mongar,0,BT,1572663020,57,27.28,91.24,53.37,2.55
289,avera,1,US,1572662958,100,33.19,-82.53,46.0,4.12
290,urucara,97,BR,1572663021,80,-2.54,-57.76,77.72,1.12
291,port hedland,2,AU,1572662933,11,-20.31,118.58,89.6,14.99
292,ubajara,100,BR,1572663021,82,-3.85,-40.92,69.03,4.54
293,baghdad,0,IQ,1572663022,71,33.3,44.38,57.2,3.36
294,araguaina,100,BR,1572663022,58,-7.19,-48.21,79.75,2.64
295,vila franca do campo,40,PT,1572663022,88,37.72,-25.43,66.2,4.7
296,muros,40,ES,1572663022,93,42.77,-9.06,62.01,6.93
297,lompoc,1,US,1572663022,87,34.64,-120.46,60.8,6.44
298,takoradi,83,GH,1572663023,82,4.89,-1.75,78.4,4.27
299,jiwani,0,PK,1572663023,78,25.05,61.74,78.78,5.48
300,itarema,55,BR,1572662898,86,-2.92,-39.92,75.06,5.21
301,karatuzskoye,100,RU,1572663023,73,53.61,92.87,44.83,3.62
302,goderich,84,CA,1572663024,80,43.74,-81.71,39.99,4.0
303,marawi,100,PH,1572663024,80,8.0,124.29,81.0,3.0
304,nongstoin,0,IN,1572663024,63,25.52,91.27,65.1,2.73
305,dunmore town,5,BS,1572663025,72,25.5,-76.65,81.5,15.93
306,satka,74,RU,1572663025,92,55.04,59.03,12.09,6.85
307,paramonga,100,PE,1572663025,93,-10.68,-77.82,61.21,12.21
308,marzuq,43,YE,1572663025,35,14.4,46.47,63.32,1.52
309,forio,9,IT,1572663025,82,40.73,13.86,66.99,2.24
310,plettenberg bay,0,ZA,1572663026,47,-34.05,23.37,67.05,5.93
311,saskylakh,57,RU,1572663026,98,71.97,114.09,-11.21,3.24
312,martil,4,MA,1572662820,64,35.62,-5.28,71.6,18.34
313,bull savanna,100,JM,1572663026,94,17.89,-77.59,70.43,3.44
314,nago,75,IT,1572662761,87,45.88,10.89,53.6,1.12
315,alenquer,20,BR,1572663027,94,-1.95,-54.74,77.0,3.36
316,palauig,67,PH,1572663027,65,15.44,119.9,84.16,6.2
317,kulhudhuffushi,64,MV,1572663027,71,6.62,73.07,82.33,3.62
318,luanda,75,AO,1572663028,83,-8.83,13.24,77.0,12.75
319,staroaleyskoye,100,RU,1572663028,49,51.01,82.0,37.13,5.64
320,iberia,100,PE,1572663028,80,-11.41,-69.49,74.08,2.1
321,det udom,40,TH,1572663028,83,14.9,105.08,78.8,3.36
322,menongue,21,AO,1572663028,51,-14.66,17.68,67.12,2.44
323,clyde river,1,CA,1572662958,78,70.47,-68.59,17.6,4.7
324,odessa,1,US,1572662876,26,31.85,-102.37,61.0,16.11
325,vogosca,40,BA,1572663029,100,43.9,18.35,37.4,2.24
326,zhangjiakou,100,CN,1572663029,89,40.77,114.88,41.85,4.07
327,yanaul,100,RU,1572663029,93,56.27,54.93,21.85,16.22
328,kuito,20,AO,1572663030,76,-12.38,16.94,61.25,4.92
329,kamien pomorski,90,PL,1572663030,93,53.97,14.77,43.0,12.75
330,vila do maio,0,CV,1572663030,78,15.13,-23.22,77.0,17.22
331,richards bay,100,ZA,1572663030,80,-28.77,32.06,70.92,30.24
332,nemuro,20,JP,1572662919,47,43.32,145.57,55.4,16.11
333,constitucion,90,MX,1572663031,59,23.99,-104.67,64.4,5.82
334,namioka,40,JP,1572663031,54,40.71,140.59,60.01,17.22
335,magistralnyy,100,RU,1572663031,59,56.17,107.45,31.53,6.02
336,hirado,55,JP,1572663032,64,33.32,129.49,75.0,3.36
337,kaabong,0,UG,1572663032,73,3.51,34.14,65.75,8.3
338,san jose,100,HN,1572663032,93,14.25,-87.96,62.76,7.27
339,acapulco,40,MX,1572663032,70,16.86,-99.88,84.2,6.93
340,kavaratti,6,IN,1572663032,77,10.57,72.64,81.37,8.68
341,paragominas,100,BR,1572663033,72,-3.0,-47.35,77.16,3.91
342,tutoia,100,BR,1572663033,95,-2.76,-42.27,72.82,4.79
343,ravenna,100,IT,1572663033,87,44.42,12.2,55.0,2.24
344,talnakh,100,RU,1572663033,65,69.49,88.39,3.2,15.66
345,maralal,94,KE,1572663034,79,1.1,36.7,61.14,8.32
346,vostok,100,RU,1572663034,88,46.45,135.83,28.63,15.68
347,tamale,0,GH,1572663034,71,9.4,-0.84,78.35,3.04
348,daru,76,PG,1572663035,59,-9.07,143.21,85.66,10.0
349,maku,75,IR,1572663035,50,39.29,44.45,51.8,26.4
350,bambous virieux,20,MU,1572663035,88,-20.34,57.76,73.0,5.82
351,bristol,76,GB,1572662744,81,51.45,-2.6,53.6,16.11
352,udachnyy,100,RU,1572663036,92,66.42,112.4,5.0,6.71
353,kita,75,JP,1572663036,55,35.76,139.74,70.0,8.05
354,baker city,1,US,1572663003,47,44.77,-117.83,37.0,3.42
355,jalu,0,LY,1572663036,90,29.03,21.55,63.09,10.18
356,morondava,1,MG,1572663037,48,-20.3,44.28,77.7,7.16
357,cordoba,0,AR,1572663037,38,-27.78,-67.24,78.71,7.18
358,preobrazheniye,0,RU,1572663037,29,42.9,133.91,50.05,8.37
359,baruun-urt,0,MN,1572663037,60,46.68,113.28,42.08,13.76
360,tamasopo,50,MX,1572663037,91,21.92,-99.39,50.29,1.19
361,dembi dolo,0,ET,1572663038,96,8.53,34.8,58.59,3.31
362,kimberley,99,ZA,1572663038,61,-28.74,24.76,58.46,11.45
363,bhalwal,48,PK,1572663038,46,32.26,72.91,72.21,8.21
364,bonthe,78,SL,1572663038,84,7.53,-12.5,77.18,3.29
365,toora-khem,71,RU,1572663039,80,52.47,96.11,34.07,1.25
366,porto novo,40,BR,1572662886,73,-23.68,-45.44,71.6,8.05
367,buala,100,SB,1572663039,80,-8.15,159.59,81.97,8.57
368,fairbanks,90,US,1572662782,100,64.84,-147.72,28.4,3.36
369,moose factory,90,CA,1572663039,80,51.26,-80.61,30.2,3.36
370,cabinda,97,AO,1572663040,84,-5.56,12.19,79.59,12.33
371,gisors,90,FR,1572663040,87,49.28,1.78,60.8,13.87
372,mount isa,34,AU,1572662833,28,-20.73,139.49,95.0,20.8
373,hermosillo,20,MX,1572663040,29,29.09,-110.96,78.01,4.7
374,magadi,40,IN,1572663040,88,12.96,77.22,82.99,2.24
375,jizan,76,SA,1572663041,83,16.89,42.56,80.6,3.36
376,the valley,20,AI,1572662953,75,18.22,-63.06,81.0,4.7
377,nanortalik,74,GL,1572663041,87,60.14,-45.24,32.92,2.62
378,calarasi,87,RO,1572663041,74,44.2,27.33,45.41,10.02
379,beira,90,ES,1572663042,100,43.2,-8.36,62.01,6.93
380,esperance,75,AU,1572663042,87,-33.86,121.89,57.2,14.99
381,buraydah,0,SA,1572663042,68,26.33,43.97,64.4,6.93
382,matagami,100,NG,1572663042,55,9.67,8.4,68.65,3.85
383,la macarena,88,CO,1572663042,86,2.18,-73.79,70.23,1.92
384,scortaru nou,70,RO,1572663043,66,45.32,27.6,41.97,7.54
385,yumen,59,CN,1572662914,18,40.29,97.04,53.1,8.32
386,uyar,100,RU,1572663043,85,55.81,94.33,44.37,7.27
387,rakovski,49,BG,1572663043,88,43.61,26.46,42.21,8.63
388,sterling,1,US,1572663044,65,39.0,-77.4,42.01,4.72
389,rio grande,100,BR,1572662769,89,-32.03,-52.1,69.01,4.0
390,paamiut,100,GL,1572662843,52,61.99,-49.67,34.41,7.07
391,hofn,100,IS,1572663044,79,64.25,-15.21,42.3,25.77
392,darnah,37,LY,1572663044,73,32.77,22.64,72.77,8.39
393,buta,92,CD,1572663045,95,2.79,24.73,68.74,1.16
394,kyshtovka,100,RU,1572663045,71,56.56,76.62,24.24,19.71
395,aykhal,100,RU,1572663045,92,65.95,111.51,5.0,6.71
396,xuddur,0,SO,1572663045,88,4.12,43.89,71.1,11.27
397,cherskiy,100,RU,1572662848,87,68.75,161.3,16.86,6.55
398,kieta,92,PG,1572663046,74,-6.22,155.63,84.65,14.07
399,hami,0,CN,1572663046,19,42.84,93.51,56.1,1.61
400,williston,1,US,1572663046,92,48.15,-103.62,35.6,9.33
401,grand-lahou,78,CI,1572663046,80,5.24,-5.0,80.1,6.08
402,njombe,14,TZ,1572663047,98,-9.34,34.77,55.08,3.78
403,saint-michel-des-saints,90,CA,1572663047,8,46.68,-73.92,33.01,1.01
404,nanchang,0,CN,1572663047,33,28.68,115.89,74.79,5.84
405,saurimo,47,AO,1572663047,93,-9.66,20.4,63.97,2.71
406,lumphat,95,KH,1572663048,69,13.5,106.97,83.8,4.03
407,erenhot,100,CN,1572663048,51,43.65,111.97,48.92,4.74
408,chadiza,10,ZM,1572663048,95,-14.06,32.43,62.2,6.76
409,ostrovnoy,100,RU,1572663048,92,68.05,39.51,9.19,15.48
410,khandyga,99,RU,1572663049,91,62.65,135.58,5.16,3.47
411,porosozero,65,RU,1572663049,95,62.72,32.71,18.66,3.6
412,tilichiki,100,RU,1572663049,95,60.47,166.1,29.3,7.74
413,deputatskiy,100,RU,1572663049,96,69.3,139.9,6.37,2.59
414,bojnurd,40,IR,1572663049,100,37.47,57.33,39.2,2.24
415,kahului,40,US,1572662842,65,20.89,-156.47,84.2,6.93
416,dukuhturi,100,ID,1572663050,47,-7.24,109.01,90.9,7.34
417,nouakchott,0,MR,1572663050,20,18.08,-15.98,73.4,10.29
418,harper,1,US,1572663050,70,30.3,-99.24,51.8,10.31
419,tongliao,100,CN,1572663051,23,43.61,122.27,50.25,11.05
420,meulaboh,100,ID,1572663051,85,4.14,96.13,78.4,11.21
421,camacupa,0,AO,1572663051,86,-12.02,17.48,63.57,4.05
422,taoudenni,0,ML,1572663051,28,22.68,-3.98,71.98,9.44
423,smithers,90,CA,1572663052,93,54.78,-127.17,39.2,3.36
424,middelburg,100,NL,1572663052,93,51.5,3.61,60.01,18.34
425,ternate,40,PH,1572663052,79,14.29,120.72,86.0,4.7
426,kloulklubed,75,PW,1572662941,74,7.04,134.26,86.0,5.82
427,tabuk,100,PH,1572663053,95,17.41,121.44,74.84,10.89
428,peleduy,94,RU,1572663053,81,59.63,112.75,16.52,2.21
429,ancud,20,CL,1572662895,93,-41.87,-73.83,39.2,4.7
430,nelson,72,CA,1572663053,73,49.49,-117.29,30.99,1.1
431,mitchell,90,US,1572662957,55,43.71,-98.03,39.2,13.87
432,bose,75,IT,1572663054,100,45.46,8.01,52.0,2.24
433,shalinskoye,99,RU,1572663054,76,55.72,93.76,45.61,11.72
434,los llanos de aridane,0,ES,1572663054,83,28.66,-17.92,71.6,12.75
435,wyndham,68,GB,1572663054,76,51.61,-3.54,53.6,19.46
436,mpika,100,ZM,1572663055,72,-11.84,31.4,63.34,4.65
437,pareora,53,NZ,1572663055,62,-44.49,171.21,73.99,3.0
438,saint george,75,GR,1572663044,93,39.45,22.34,59.0,6.51
439,olinda,75,AU,1572663055,88,-37.84,145.39,64.99,8.05
440,kumluca,3,TR,1572663056,57,36.37,30.29,58.91,4.16
441,anadyr,20,RU,1572663056,85,64.73,177.51,19.4,2.24
442,blagoyevo,100,RU,1572663056,90,63.37,47.92,19.9,3.4
443,richmond,75,CA,1572663056,93,49.16,-123.14,48.0,5.82
444,klaksvik,83,FO,1572663057,75,62.23,-6.59,44.6,17.22
445,balagansk,84,RU,1572663057,84,54.01,103.05,38.07,9.42
446,virginia beach,1,US,1572662880,93,36.85,-75.98,53.6,12.1
447,slupca,100,PL,1572663057,90,52.29,17.87,41.0,8.01
448,ouesso,100,CG,1572663058,95,1.61,16.05,70.18,1.28
449,kununurra,8,AU,1572663058,24,-15.77,128.74,100.4,5.82
450,millau,100,FR,1572663058,93,44.1,3.08,57.2,8.05
451,dongsheng,10,CN,1572663058,28,29.72,112.52,76.37,8.21
452,obra,0,IN,1572663058,58,24.47,82.99,75.42,3.38
453,lamar,1,US,1572663059,80,38.09,-102.62,30.2,4.7
454,osoyoos,75,CA,1572663059,69,49.03,-119.47,39.2,3.36
455,miri,100,NG,1572663059,42,10.31,9.75,72.07,2.8
456,savonlinna,90,FI,1572663059,79,61.87,28.88,28.4,3.36
457,yurimaguas,100,PE,1572663060,98,-5.9,-76.1,73.63,0.87
458,eyl,38,SO,1572663060,78,7.98,49.82,82.17,7.85
459,kibondo,47,TZ,1572663060,89,-3.59,30.72,60.51,1.3
460,muli,97,CN,1572663060,82,28.08,109.56,57.9,3.74
461,caravelas,26,BR,1572663061,94,-17.73,-39.27,71.69,3.69
462,illapel,0,CL,1572663061,47,-31.63,-71.17,47.19,2.8
463,pyrzyce,90,PL,1572663061,93,53.15,14.89,43.0,12.75
464,kaili,82,ID,1572663061,88,-3.46,120.21,67.91,2.89
465,pozo colorado,0,PY,1572663061,42,-23.49,-58.8,84.47,4.32
466,high river,75,CA,1572663062,35,50.58,-113.86,39.2,4.7
467,zhigalovo,75,RU,1572663062,71,54.81,105.15,30.34,3.18
468,sabang,100,PH,1572663062,81,13.8,121.11,84.0,5.99
469,pasni,0,PK,1572663062,55,25.26,63.48,79.47,2.55
470,taltal,0,CL,1572663063,81,-25.41,-70.49,53.56,3.47
471,burnie,100,AU,1572663063,99,-41.05,145.91,57.99,8.01
472,port macquarie,0,AU,1572663063,54,-31.43,152.91,84.2,23.04
473,bouna,0,CI,1572663063,76,9.27,-3.0,74.57,3.18
474,sale,100,AU,1572663064,90,-38.11,147.06,72.0,6.82
475,lima,40,PE,1572662940,88,-12.06,-77.04,64.4,11.41
476,sibu,75,MY,1572663015,88,2.29,111.83,78.8,5.82
477,whitehorse,90,CA,1572663064,100,60.72,-135.06,35.01,3.36
478,kolodenka,100,UA,1572663065,59,50.58,26.32,33.31,10.78
479,portland,1,US,1572662863,48,43.66,-70.25,44.01,4.7
480,roald,0,NO,1572663065,86,62.58,6.12,37.0,6.93
481,dauphin,90,CA,1572663066,86,51.15,-100.04,30.2,4.7
482,mehamn,100,NO,1572663066,78,71.03,27.85,26.1,16.44
483,guerrero negro,28,MX,1572663066,41,27.97,-114.04,68.47,9.19
484,qaqortoq,20,GL,1572663066,68,60.72,-46.03,30.2,1.12
485,ibiruba,0,BR,1572663067,82,-28.63,-53.09,71.4,12.28
486,toamasina,75,MG,1572663067,73,-18.17,49.38,73.4,18.34
487,ingham,56,AU,1572663067,51,-18.65,146.16,84.97,8.23
488,ishigaki,75,JP,1572663067,69,24.34,124.16,80.6,16.11
489,shimoda,75,JP,1572662986,63,34.7,138.93,66.2,17.22
490,khaniotis,99,GR,1572663068,100,40.0,23.58,55.99,3.0
491,tiznit,9,MA,1572663068,33,29.7,-9.73,65.66,1.97
492,sao filipe,0,CV,1572663068,70,14.9,-24.5,76.91,17.11
493,boa viagem,100,BR,1572663069,87,-5.13,-39.73,73.2,6.67
494,bowen,40,AU,1572663069,54,-20.01,148.25,86.0,14.99
495,sorland,100,NO,1572663069,73,67.67,12.69,36.95,18.88
496,makakilo city,20,US,1572663069,61,21.35,-158.09,84.2,5.82
497,phichit,9,TH,1572663069,94,16.44,100.37,89.01,5.82
498,petropavlovsk-kamchatskiy,90,RU,1572663070,93,53.05,158.65,44.6,26.84
499,codrington,90,AU,1572663070,53,-28.95,153.24,80.01,13.87
500,xingyi,99,CN,1572663070,75,24.19,102.82,65.48,1.92
501,japura,31,ID,1572663070,53,-0.42,102.29,92.08,1.39
502,hovd,75,NO,1572663070,93,63.83,10.7,42.01,2.24
503,nuuk,100,GL,1572663071,51,64.17,-51.74,35.6,4.7
504,sumbe,100,AO,1572663071,89,-11.2,13.84,75.49,4.9
505,severo-kurilsk,100,RU,1572663071,92,50.68,156.12,38.12,14.79
506,paonta sahib,40,IN,1572663072,88,30.44,77.62,64.4,3.36
507,torata,90,EC,1572663072,78,-3.6,-79.89,89.6,4.7
508,yilan,51,CN,1572663072,26,43.11,129.52,52.02,7.47
509,lyudinovo,99,RU,1572663072,96,53.86,34.45,31.89,5.95
510,urucui,12,BR,1572663073,55,-7.23,-44.56,78.24,1.19
511,port-gentil,99,GA,1572663073,81,-0.72,8.78,78.55,9.13
512,saint-francois,100,FR,1572663073,93,46.42,3.91,57.2,3.36
513,zaraza,22,VE,1572663073,91,9.35,-65.33,73.17,4.76
514,cairns,68,AU,1572663073,54,-16.92,145.77,89.01,12.75
515,turukhansk,100,RU,1572663074,93,65.8,87.96,22.05,10.85
516,singaraja,100,ID,1572663074,69,-8.11,115.08,82.67,2.37
517,kabalo,100,CD,1572663074,96,-6.05,26.92,67.28,2.71
518,chernyshevskiy,100,RU,1572663000,76,63.01,112.47,15.03,9.8
519,nushki,80,PK,1572663075,47,29.55,66.02,67.62,5.79
520,kharp,100,RU,1572663075,91,66.82,65.8,3.51,7.94
521,berekum,55,GH,1572663075,93,7.45,-2.58,70.61,2.46
522,rabo de peixe,40,PT,1572663076,88,37.8,-25.58,66.2,4.7
523,mustasaari,100,FI,1572663076,92,63.17,21.67,34.0,10.29
524,apiai,32,BR,1572663076,99,-24.51,-48.84,61.52,2.13
525,fernie,75,CA,1572663077,63,49.5,-115.06,26.6,2.24
526,angoche,100,MZ,1572663077,68,-16.23,39.91,77.95,8.23
527,chelno-vershiny,88,RU,1572663077,67,54.42,51.08,24.49,15.48
528,chumikan,89,RU,1572662892,58,54.72,135.31,21.33,21.72
529,ham lake,90,US,1572663078,76,45.25,-93.25,39.0,5.97
530,wagar,88,US,1572663078,87,31.44,-87.99,46.0,4.85
531,jorochito,9,BO,1572663078,65,-18.06,-63.43,78.8,5.82
532,shinuhayr,82,AM,1572663078,95,39.43,46.32,44.8,2.28
533,tocopilla,0,CL,1572663079,29,-22.09,-70.2,54.27,2.53
534,vaitape,77,PF,1572663079,79,-16.52,-151.75,81.32,10.45
535,ciempozuelos,40,ES,1572663079,87,40.16,-3.62,60.8,14.99
536,santa rosa de osos,75,CO,1572663080,93,6.65,-75.46,59.0,3.36
537,naze,100,NG,1572663080,95,5.43,7.07,74.05,0.87
538,verkhnevilyuysk,81,RU,1572663080,82,63.45,120.31,11.14,6.17
539,mayumba,100,GA,1572663081,87,-3.44,10.65,78.64,9.01
540,tezu,0,IN,1572663081,51,27.93,96.16,74.62,2.26
541,kunjah,40,PK,1572663081,82,32.53,73.97,62.6,6.93
542,yaounde,75,CM,1572662959,100,3.87,11.52,68.0,1.12
543,kalakamati,100,BW,1572663082,69,-20.59,27.31,66.33,10.85
544,brae,86,GB,1572662936,87,60.4,-1.35,48.2,18.34
545,leshukonskoye,64,RU,1572663082,95,64.9,45.76,18.19,2.73
546,nedryhayliv,79,UA,1572663082,95,50.83,33.88,31.89,5.95
547,west odessa,1,US,1572663083,26,31.84,-102.48,61.0,16.11
548,oranjemund,70,ZA,1572663083,66,-28.55,16.43,58.41,3.33
549,ylojarvi,20,FI,1572663083,86,61.56,23.6,33.8,8.05
550,cockburn town,0,TC,1572663083,73,21.46,-71.14,80.92,14.09
551,shingu,20,JP,1572663083,56,33.72,135.99,69.8,3.36
552,saint-leu,100,RE,1572663084,93,-21.15,55.28,73.4,12.75
553,bulgan,0,MN,1572663084,65,48.81,103.53,37.96,2.84
554,georgiyevka,87,RU,1572663084,74,52.25,40.45,26.82,10.2
555,honningsvag,93,NO,1572663084,70,70.98,25.97,34.12,26.35
556,pavlodar,90,KZ,1572663085,68,52.28,76.96,30.2,8.95
557,gao,26,ML,1572663085,15,16.28,-0.04,81.55,2.93
558,den helder,90,NL,1572663085,93,52.96,4.76,57.2,17.22
559,skjervoy,98,NO,1572662816,73,70.03,20.97,32.94,18.12
560,saint-joseph,90,FR,1572663085,93,43.56,6.97,61.0,5.66
561,shenjiamen,38,CN,1572662905,60,29.96,122.3,68.76,5.1
562,dukat,34,AL,1572663086,84,40.25,19.57,61.0,13.78
563,pocone,5,BR,1572663086,58,-16.26,-56.62,79.54,2.89
564,datong,100,CN,1572663086,68,40.09,113.3,47.05,4.76
565,hamilton,75,CA,1572662813,74,43.26,-79.87,37.99,4.7
566,fukue,40,JP,1572663087,48,35.03,136.69,75.0,8.05
